,Region,Alcohol use,Drug use,Unsafe sex,Smoking,Low physical activity,Diet low in fruits,Diet low in vegetables,Diet high in sodium,Diet low in whole grains,Diet low in nuts and seeds
0,Asia Pacific,25965.0149775,10156.428936875,5895.322643500001,247308.014275,36733.524466250004,48514.4519275,17354.6606375,97570.0265375,49623.91456375,35598.04669875
1,Australasia,7833.073041750001,2766.602993,621.0960639125001,24154.480378750002,5639.586869500001,5243.656457625,4479.8469835,3451.737667625,7585.081536375002,5368.625697
2,"Central Europe, Eastern Europe, and Central Asia",464425.235075,66848.1638025,31813.20545375,792958.1251625,228193.63547500002,323694.1229125,170877.9072125,290186.1355,466617.13685,342855.3264375
3,Latin America and Caribbean,194906.73067499997,34482.47598000001,64617.66562,316572.910225,66615.7089275,74956.22334125,96481.43000625001,93322.00796375,126983.332425,116685.8558125
4,North Africa and Middle East,26544.5477975,22559.6230425,11546.591325,285796.039825,102896.4550425,103452.7679125,55549.88500375,76908.5083975,225768.461175,146605.32945000002
5,North America,77967.37779375,86329.99596,15433.609563749998,466793.5599125,75520.11597625,85141.53039249999,72161.01789374999,99270.19759875,136162.6818875,102445.86661499999
6,Sub-Saharan Africa,292071.885175,50467.102968750005,874305.26015,203983.9215625,43311.25876,132877.16314999998,105064.841725,61880.475634999995,143083.369725,90980.048715
